{
  "or_filter": {
    "count": 278,
    "numeric": {
      "or_atr_ratio": {
        "count": 278,
        "mean": 0.05841269916576315,
        "min": 0.0,
        "max": 0.1772151898734071
      },
      "min_or_atr_ratio": {
        "count": 278,
        "mean": 0.13870503597122286,
        "min": 0.12,
        "max": 0.18
      }
    },
    "categorical": {
      "rv_band": [
        [
          "mid",
          137
        ],
        [
          "high",
          100
        ],
        [
          "low",
          41
        ]
      ],
      "allow_low_rv": [
        [
          "True",
          278
        ]
      ]
    }
  }
}
