{
  "runs": 168,
  "total_pips": -11677.034121770434,
  "trades": 20060.0,
  "wins": 10500.0,
  "win_rate": 0.5234297108673978
}