{
  "router_gate": {
    "count": 19091,
    "numeric": {
      "or_atr_ratio": {
        "count": 19091,
        "mean": 2.2661241310806886,
        "min": 0.25053686471000913,
        "max": 15.551401869157619
      }
    },
    "categorical": {
      "rv_band": [
        [
          "high",
          11344
        ],
        [
          "mid",
          7603
        ],
        [
          "low",
          144
        ]
      ],
      "spread_band": [
        [
          "narrow",
          19091
        ]
      ]
    }
  }
}
