{
  "best_params": {
    "or_n": 5,
    "k_tp": 1.063480181627619,
    "k_sl": 0.5339329326981873,
    "threshold_lcb": 0.21857424096042294
  },
  "best_value": -0.0
}