{
  "best_params": {
    "or_n": 5,
    "k_tp": 1.1536551850413117,
    "k_sl": 0.5937119785099357,
    "threshold_lcb": 0.024985243878647645
  },
  "best_value": -0.0
}